"https://www.ratemyprofessors.com/professor/5274","4.1","23 ratings","Tim Luther","Political Science","100%","3.6"
"https://www.ratemyprofessors.com/professor/5275","4.5","18 ratings","Frank Pankowski","Mathematics","100%","2.1"
"https://www.ratemyprofessors.com/professor/5461","4.9","8 ratings","Chris Morgan","Theology","100%","3.5"
"https://www.ratemyprofessors.com/professor/5463","4.6","11 ratings","Wayland Marler","History","N/A","2.3"
"https://www.ratemyprofessors.com/professor/9486","3.7","12 ratings","Gilberto Perez","Languages","100%","1.6"
"https://www.ratemyprofessors.com/professor/9497","4.8","8 ratings","Dave Williams","Fine Arts","N/A","2.4"
"https://www.ratemyprofessors.com/professor/9547","3.9","12 ratings","Marilyn D. Moore","Psychology","100%","2.7"
"https://www.ratemyprofessors.com/professor/35858","4.2","13 ratings","Guy Grimes","Theology","N/A","1.7"
"https://www.ratemyprofessors.com/professor/35862","3.9","38 ratings","Jeffrey C. Lewis","Religion","67%","2.5"
"https://www.ratemyprofessors.com/professor/120758","4.3","8 ratings","Deena Barwick","Business","N/A","2.1"
"https://www.ratemyprofessors.com/professor/157399","4.0","3 ratings","Paige Polcene-Markin","English","N/A","3.7"
"https://www.ratemyprofessors.com/professor/232164","2.3","21 ratings","Ronald L. Ellis","Management","N/A","3.1"
"https://www.ratemyprofessors.com/professor/538531","2.4","3 ratings","Joel Berry","English","100%","3.7"
"https://www.ratemyprofessors.com/professor/574175","3.5","19 ratings","Gary Bonner","Music","N/A","3.6"
"https://www.ratemyprofessors.com/professor/609505","5.0","5 ratings","Gary Collins","Psychology","N/A","3"
"https://www.ratemyprofessors.com/professor/619485","3.7","5 ratings","Rachel Timmons","Education","34%","3.2"
"https://www.ratemyprofessors.com/professor/636932","4.6","9 ratings","Dirk Davis","Education","75%","2.9"
"https://www.ratemyprofessors.com/professor/654683","2.8","4 ratings","Joseph De Vol","Education","N/A","2.8"
"https://www.ratemyprofessors.com/professor/664974","4.8","2 ratings","Sullivan Sean","Physical Ed","N/A","4"
"https://www.ratemyprofessors.com/professor/666735","0.0","0 ratings","Scott Bernes","Business","N/A","0"
"https://www.ratemyprofessors.com/professor/668097","3.9","8 ratings","Nathan Lewis III","Computer Science","N/A","2.8"
"https://www.ratemyprofessors.com/professor/668520","2.5","2 ratings","Jeanette Wong","Music","N/A","4.5"
"https://www.ratemyprofessors.com/professor/678100","4.9","4 ratings","Barbara Cockerham","Education","N/A","2.8"
"https://www.ratemyprofessors.com/professor/681444","2.7","18 ratings","Gayne J. Anacker","Philosophy","25%","4.1"
"https://www.ratemyprofessors.com/professor/689786","4.2","8 ratings","David Cordes","English","100%","1.9"
"https://www.ratemyprofessors.com/professor/701813","4.3","3 ratings","Beverly Howard","Music","N/A","3.7"
"https://www.ratemyprofessors.com/professor/704514","3.3","2 ratings","Iunno Namvar","Business","N/A","3"
"https://www.ratemyprofessors.com/professor/705342","4.9","6 ratings","Deryl Lackey","Religion","N/A","1.8"
"https://www.ratemyprofessors.com/professor/706731","3.5","11 ratings","John McCarthy","Political Science","N/A","2.5"
"https://www.ratemyprofessors.com/professor/707748","5.0","8 ratings","Jeff Evans","Religion","100%","1.2"
"https://www.ratemyprofessors.com/professor/707749","5.0","3 ratings","Renahlee Crow","Languages","N/A","2"
"https://www.ratemyprofessors.com/professor/714826","5.0","8 ratings","David Pearson","Physical Ed","N/A","2"
"https://www.ratemyprofessors.com/professor/716379","4.3","4 ratings","Dave King","Education","N/A","2.3"
"https://www.ratemyprofessors.com/professor/721345","2.5","2 ratings","Patricia Drown","Mathematics","N/A","2.5"
"https://www.ratemyprofessors.com/professor/723312","4.3","33 ratings","MaryAnn Pearson","English","92%","2.7"
"https://www.ratemyprofessors.com/professor/730398","0.0","0 ratings","Alex Panov","Fine Arts","N/A","0"
"https://www.ratemyprofessors.com/professor/731091","5.0","2 ratings","Mary King","Music","N/A","3.5"
"https://www.ratemyprofessors.com/professor/731376","4.3","3 ratings","David Contreras","Physical Ed","100%","1.3"
"https://www.ratemyprofessors.com/professor/733746","4.1","10 ratings","Patricia Kircher","History","N/A","2.1"
"https://www.ratemyprofessors.com/professor/792744","4.2","3 ratings","John D. Carter","Communication","N/A","2"
"https://www.ratemyprofessors.com/professor/862001","3.0","1 ratings","John Stewart","History","N/A","4"
"https://www.ratemyprofessors.com/professor/869403","4.7","7 ratings","Josiah Trenham","History","N/A","3.6"
"https://www.ratemyprofessors.com/professor/875704","2.9","10 ratings","Daniel W. Skubik","Political Science","N/A","4.1"
"https://www.ratemyprofessors.com/professor/894707","4.6","8 ratings","Timothy Jackson","Law","N/A","3.3"
"https://www.ratemyprofessors.com/professor/907190","3.6","7 ratings","Stephanie Parshall","Theater","50%","1.4"
"https://www.ratemyprofessors.com/professor/920192","3.9","18 ratings","Stephen Christie","Accounting","86%","4.2"
"https://www.ratemyprofessors.com/professor/923137","5.0","8 ratings","Jan Kodat","Health Science","N/A","2.4"
"https://www.ratemyprofessors.com/professor/941533","5.0","6 ratings","John (pablo) Sanchez","Not Specified","100%","2.2"
"https://www.ratemyprofessors.com/professor/963039","3.7","3 ratings","Mark Nevatt","Education","0%","2"
"https://www.ratemyprofessors.com/professor/983155","3.7","12 ratings","Aja Henriquez","English","80%","2.7"
"https://www.ratemyprofessors.com/professor/1007130","4.6","7 ratings","Angela Brand","Music","N/A","2.9"
"https://www.ratemyprofessors.com/professor/1013988","4.3","27 ratings","M. Todd Bates","Philosophy","100%","2.9"
"https://www.ratemyprofessors.com/professor/1018465","4.9","5 ratings","R Bates","Languages","N/A","1"
"https://www.ratemyprofessors.com/professor/1033442","4.1","4 ratings","John Reinebach","Music","N/A","2.8"
"https://www.ratemyprofessors.com/professor/1035480","4.8","2 ratings","Philip Miller","Music","N/A","3.5"
"https://www.ratemyprofessors.com/professor/1061053","2.7","5 ratings","R Cass","Anthropology","N/A","3.4"
"https://www.ratemyprofessors.com/professor/1062319","2.1","4 ratings","Shwanda Arrington","English","N/A","3.5"
"https://www.ratemyprofessors.com/professor/1065209","0.0","0 ratings","Nicole Delarosa","English","N/A","0"
"https://www.ratemyprofessors.com/professor/1068302","0.0","0 ratings","Daniel Weber","Fine Arts","N/A","0"
"https://www.ratemyprofessors.com/professor/1070464","3.6","12 ratings","Lisa Hernandez","Mathematics","50%","3.7"
"https://www.ratemyprofessors.com/professor/1071063","5.0","2 ratings","Kathryn Norwood","Education","100%","2"
"https://www.ratemyprofessors.com/professor/1098223","0.0","0 ratings","Joshua Ewell","Science","N/A","0"
"https://www.ratemyprofessors.com/professor/1106426","0.0","0 ratings","Bethany Cordes","History","N/A","0"
"https://www.ratemyprofessors.com/professor/1121476","3.1","12 ratings","Darla Donaldson","Business","80%","3.7"
"https://www.ratemyprofessors.com/professor/1137064","3.7","9 ratings","Ana Gamez","Psychology","100%","2.6"
"https://www.ratemyprofessors.com/professor/1137891","3.5","3 ratings","Constance Milton","Nursing","N/A","2"
"https://www.ratemyprofessors.com/professor/1137894","3.7","3 ratings","Susan Drummond","Nursing","N/A","2.3"
"https://www.ratemyprofessors.com/professor/1137898","3.2","6 ratings","Geneva Oaks","Nursing","100%","2.8"
"https://www.ratemyprofessors.com/professor/1144716","3.4","23 ratings","Berniece Bruinius","English","100%","3.1"
"https://www.ratemyprofessors.com/professor/1177904","3.5","1 ratings","Rick Rowland","Physical Education","N/A","1"
"https://www.ratemyprofessors.com/professor/1179743","3.4","10 ratings","Jo Adcock","Not Specified","N/A","1.9"
"https://www.ratemyprofessors.com/professor/1211620","4.7","9 ratings","Jordan Devera","Biology","N/A","3.4"
"https://www.ratemyprofessors.com/professor/1219445","4.8","2 ratings","Davis Hayes","History","100%","3.5"
"https://www.ratemyprofessors.com/professor/1222146","2.7","10 ratings","Kim Keyes","Economics","0%","3.4"
"https://www.ratemyprofessors.com/professor/1222679","4.5","2 ratings","Alejandra Blas","Languages","N/A","2.5"
"https://www.ratemyprofessors.com/professor/1230341","2.3","4 ratings","Jennifer Parker","Chemistry","N/A","5"
"https://www.ratemyprofessors.com/professor/1239669","4.6","7 ratings","Bryan Thrane","Communication","N/A","1.6"
"https://www.ratemyprofessors.com/professor/1246150","3.5","11 ratings","Aaron Christopher","Accounting","N/A","3.1"
"https://www.ratemyprofessors.com/professor/1255423","0.0","0 ratings","Ali Mirafzali","Mathematics","N/A","0"
"https://www.ratemyprofessors.com/professor/1255425","4.4","16 ratings","J. Alex Chediak","Physics","100%","4.5"
"https://www.ratemyprofessors.com/professor/1259459","2.0","2 ratings","Blessing Okoro","Psychology","N/A","4.5"
"https://www.ratemyprofessors.com/professor/1266702","5.0","7 ratings","Jason Park","English","N/A","1"
"https://www.ratemyprofessors.com/professor/1285439","4.4","4 ratings","Meredith Oltman","Biology","N/A","3.3"
"https://www.ratemyprofessors.com/professor/1333563","4.5","1 ratings","Ron Pardee","Business","N/A","5"
"https://www.ratemyprofessors.com/professor/1365807","2.3","2 ratings","Dino Buenviaje","History","0%","3.5"
"https://www.ratemyprofessors.com/professor/1373632","1.1","4 ratings","Marguerite Jackson","English","N/A","3.8"
"https://www.ratemyprofessors.com/professor/1376229","4.5","1 ratings","Melissa Navarro","English","N/A","4"
"https://www.ratemyprofessors.com/professor/1381550","2.8","6 ratings","Keith Hekman","Engineering","100%","2.7"
"https://www.ratemyprofessors.com/professor/1381554","3.8","7 ratings","Helen Jung","Engineering","67%","2.7"
"https://www.ratemyprofessors.com/professor/1381555","4.0","1 ratings","James Covey","Engineering","N/A","2"
"https://www.ratemyprofessors.com/professor/1384447","2.8","9 ratings","Kristi Lippire","Fine Arts","N/A","3.6"
"https://www.ratemyprofessors.com/professor/1385786","5.0","2 ratings","Thomas Renck","Graphic Arts","N/A","1"
"https://www.ratemyprofessors.com/professor/1396688","5.0","2 ratings","Mark Turney","Psychology","N/A","1"
"https://www.ratemyprofessors.com/professor/1402706","3.3","10 ratings","Nikki Fuller","English","0%","2.7"
"https://www.ratemyprofessors.com/professor/1406909","5.0","1 ratings","Colleen Young","Psychology","N/A","1"
"https://www.ratemyprofessors.com/professor/1412200","5.0","1 ratings","Arthur G. Cleveland","Biology","N/A","1"
"https://www.ratemyprofessors.com/professor/1424297","5.0","2 ratings","Angela Sanicola","Theater","100%","2"
"https://www.ratemyprofessors.com/professor/1425170","3.5","2 ratings","Beverly Sale","Psychology","N/A","1.5"
"https://www.ratemyprofessors.com/professor/1431553","3.5","2 ratings","Frances Dunniway","Nursing","N/A","4.5"
"https://www.ratemyprofessors.com/professor/1432292","4.8","11 ratings","Trevor Hoehne","Graphic Arts","100%","2.3"
"https://www.ratemyprofessors.com/professor/1432295","4.5","1 ratings","Michael Kitada","Journalism","N/A","1"
"https://www.ratemyprofessors.com/professor/1435260","0.0","0 ratings","Earl Harris","Business","N/A","0"
"https://www.ratemyprofessors.com/professor/1440912","2.4","4 ratings","Mark Batongmalaque","Fine Arts","100%","3.2"
"https://www.ratemyprofessors.com/professor/1449478","4.3","2 ratings","Lee Lyons","Theater","100%","2"
"https://www.ratemyprofessors.com/professor/1488983","3.9","7 ratings","Ziliang Zhou","Engineering","75%","2.3"
"https://www.ratemyprofessors.com/professor/1505114","4.8","5 ratings","Joseph (joey) Sabol","Mathematics","N/A","2.4"
"https://www.ratemyprofessors.com/professor/1506104","4.3","2 ratings","Kelly Dormady","History","N/A","2"
"https://www.ratemyprofessors.com/professor/1509898","3.3","2 ratings","Connie Jones","English","N/A","2"
"https://www.ratemyprofessors.com/professor/1515599","4.7","8 ratings","Melissa Antonio","Biology","100%","3.6"
"https://www.ratemyprofessors.com/professor/1522198","4.7","5 ratings","Irina Renfro","English","100%","2.6"
"https://www.ratemyprofessors.com/professor/1538524","3.8","18 ratings","Melissa Croteau","English","92%","4.4"
"https://www.ratemyprofessors.com/professor/1538530","3.0","5 ratings","Marisa Giorgetti","Music","N/A","3.6"
"https://www.ratemyprofessors.com/professor/1542079","4.5","1 ratings","Krista Jo Miller","Theater","N/A","3"
"https://www.ratemyprofessors.com/professor/1577352","5.0","6 ratings","Elaine Ahumada","Political Science","100%","2.3"
"https://www.ratemyprofessors.com/professor/1580425","5.0","2 ratings","Jason Robertson","Religion","N/A","1.5"
"https://www.ratemyprofessors.com/professor/1580566","4.6","10 ratings","John Pate","Communication","100%","1.5"
"https://www.ratemyprofessors.com/professor/1604288","4.8","44 ratings","Joseph Pelletier","Psychology","100%","1.9"
"https://www.ratemyprofessors.com/professor/1615414","5.0","2 ratings","Lynn Derricott","English","N/A","2.5"
"https://www.ratemyprofessors.com/professor/1633071","2.6","4 ratings","Lawrence Clarke","Mathematics","N/A","3.8"
"https://www.ratemyprofessors.com/professor/1634870","4.6","6 ratings","Kimberly Chermak","English","N/A","2.8"
"https://www.ratemyprofessors.com/professor/1634936","3.7","5 ratings","Robert Rose","Political Science","100%","1"
"https://www.ratemyprofessors.com/professor/1638390","5.0","5 ratings","Veola Vazquez","Psychology","100%","3"
"https://www.ratemyprofessors.com/professor/1653962","3.9","6 ratings","Tracee Auville-Parks","English","100%","1.8"
"https://www.ratemyprofessors.com/professor/1653963","3.9","9 ratings","Julie David","Anthropology","N/A","3.7"
"https://www.ratemyprofessors.com/professor/1668553","4.0","2 ratings","Shawna Carmona","Languages","100%","3.5"
"https://www.ratemyprofessors.com/professor/1671150","4.6","70 ratings","William Flores","Languages","100%","2"
"https://www.ratemyprofessors.com/professor/1673102","4.5","1 ratings","Bryan Reid","English","N/A","2"
"https://www.ratemyprofessors.com/professor/1684931","5.0","3 ratings","Kathy Risinger","Theater","N/A","1.7"
"https://www.ratemyprofessors.com/professor/1701934","2.7","3 ratings","Yoojin Choi","Health Science","N/A","4"
"https://www.ratemyprofessors.com/professor/1702352","2.1","9 ratings","Beth Groves","Political Science","100%","2.4"
"https://www.ratemyprofessors.com/professor/1704461","4.0","3 ratings","Chris Osborne","Science","N/A","2"
"https://www.ratemyprofessors.com/professor/1705096","4.5","9 ratings","Leontine Armstrong","English","100%","2.7"
"https://www.ratemyprofessors.com/professor/1708833","4.3","15 ratings","H. Bruce Stokes","Anthropology","100%","2.7"
"https://www.ratemyprofessors.com/professor/1713711","4.5","1 ratings","Brian Ewing","English","N/A","3"
"https://www.ratemyprofessors.com/professor/1714264","4.2","6 ratings","Andy Herrity","Business","100%","1.3"
"https://www.ratemyprofessors.com/professor/1738074","5.0","8 ratings","Franco Gandolfi","Management","N/A","2.8"
"https://www.ratemyprofessors.com/professor/1743912","5.0","2 ratings","Frank Mihelich","Theater","100%","3"
"https://www.ratemyprofessors.com/professor/1747755","4.8","2 ratings","Linda Soubirous","Political Science","N/A","1.5"
"https://www.ratemyprofessors.com/professor/1748400","3.2","15 ratings","John Rublaitus","Computer Science","N/A","3.5"
"https://www.ratemyprofessors.com/professor/1755533","4.5","2 ratings","Reba MacHado","Psychology","N/A","1"
"https://www.ratemyprofessors.com/professor/1755572","5.0","1 ratings","Curtis Carlson","Humanities","N/A","2"
"https://www.ratemyprofessors.com/professor/1763361","4.4","7 ratings","Christine Rayford","Psychology","N/A","3.7"
"https://www.ratemyprofessors.com/professor/1764928","2.0","1 ratings","Laura Perez","English","N/A","3"
"https://www.ratemyprofessors.com/professor/1765012","4.5","9 ratings","Brizett Giles","Accounting","N/A","2.8"
"https://www.ratemyprofessors.com/professor/1765762","4.0","52 ratings","Cleophas Rwemera","Chemistry","N/A","2.4"
"https://www.ratemyprofessors.com/professor/1766352","5.0","3 ratings","Sandra Romo","Communication","100%","3.3"
"https://www.ratemyprofessors.com/professor/1769447","4.7","3 ratings","Cynthia Cervantes","Communication","N/A","3"
"https://www.ratemyprofessors.com/professor/1773517","3.5","5 ratings","Yolanda Osborne","Mathematics","N/A","2.6"
"https://www.ratemyprofessors.com/professor/1785284","1.3","2 ratings","Jane Yoo","Mathematics","N/A","5"
"https://www.ratemyprofessors.com/professor/1789481","3.9","14 ratings","Bradley Thomas","Mathematics","34%","3.2"
"https://www.ratemyprofessors.com/professor/1789570","4.5","14 ratings","Lindsay Fanning","English","75%","2.3"
"https://www.ratemyprofessors.com/professor/1793426","0.0","0 ratings","Bryanna Nyenhuis","Not Specified","N/A","0"
"https://www.ratemyprofessors.com/professor/1798659","2.5","1 ratings","Nancy Phillips","Psychology","N/A","4"
"https://www.ratemyprofessors.com/professor/1800113","3.4","7 ratings","Laurie Black","Health Science","N/A","2.3"
"https://www.ratemyprofessors.com/professor/1805409","5.0","2 ratings","Veletta Ogaz","Nursing","N/A","3.5"
"https://www.ratemyprofessors.com/professor/1806685","2.2","5 ratings","Andrew Twitty","History","N/A","4"
"https://www.ratemyprofessors.com/professor/1807229","5.0","1 ratings","Shannon Tarango","English","N/A","2"
"https://www.ratemyprofessors.com/professor/1809715","2.5","9 ratings","Michael Chute","Journalism","50%","3.5"
"https://www.ratemyprofessors.com/professor/1815728","0.0","0 ratings","David McMillian","Engineering","N/A","0"
"https://www.ratemyprofessors.com/professor/1833527","3.0","4 ratings","Elizabeth Malone","Theater","N/A","3"
"https://www.ratemyprofessors.com/professor/1838650","3.7","5 ratings","Anna Grigorian-Routon","Psychology","75%","3.2"
"https://www.ratemyprofessors.com/professor/1839662","1.8","2 ratings","Brittney Schwandt","Accounting","N/A","2.5"
"https://www.ratemyprofessors.com/professor/1846346","2.0","22 ratings","Fyne Nsofor","Religion","0%","2.9"
"https://www.ratemyprofessors.com/professor/1853301","5.0","1 ratings","Julie Discenza","Education","N/A","3"
"https://www.ratemyprofessors.com/professor/1866304","4.1","7 ratings","Tanya Polstra","Languages","N/A","1.9"
"https://www.ratemyprofessors.com/professor/1867904","3.0","3 ratings","Andrew Silk","Journalism","N/A","2.7"
"https://www.ratemyprofessors.com/professor/1869293","2.9","12 ratings","Michelle Nielson","Mathematics","25%","3.5"
"https://www.ratemyprofessors.com/professor/1870669","4.6","9 ratings","Karen Shade","Computer Science","89%","2.4"
"https://www.ratemyprofessors.com/professor/1870831","0.0","0 ratings","Laura Curley","Education","N/A","0"
"https://www.ratemyprofessors.com/professor/1871581","3.3","6 ratings","Krista Wagner","English","0%","1.8"
"https://www.ratemyprofessors.com/professor/1871583","1.5","21 ratings","Christina Cornejo","Chemistry","0%","4.4"
"https://www.ratemyprofessors.com/professor/1871585","3.7","9 ratings","Rebecca Ramirez","Psychology","N/A","1.7"
"https://www.ratemyprofessors.com/professor/1872713","3.8","2 ratings","Dakota Mattson","English","N/A","1.5"
"https://www.ratemyprofessors.com/professor/1877427","2.5","5 ratings","Dawn Gilmore","Music","N/A","2.8"
"https://www.ratemyprofessors.com/professor/1881203","5.0","3 ratings","Kristen White","International Studies","100%","3"
"https://www.ratemyprofessors.com/professor/1881344","4.5","2 ratings","Crystal Rojas","Nursing","N/A","2"
"https://www.ratemyprofessors.com/professor/1882330","2.5","1 ratings","Joshua Morgan","Psychology","N/A","4"
"https://www.ratemyprofessors.com/professor/1882629","5.0","2 ratings","Chris Wynn","Criminal Justice","N/A","1.5"
"https://www.ratemyprofessors.com/professor/1883745","5.0","13 ratings","Derek Updegraff","English","100%","2.3"
"https://www.ratemyprofessors.com/professor/1886487","5.0","3 ratings","Lesley Vodicska","Computer Science","100%","3"
"https://www.ratemyprofessors.com/professor/1894578","5.0","1 ratings","David Poole","Business","N/A","4"
"https://www.ratemyprofessors.com/professor/1896398","4.5","2 ratings","Sue Vennamen","Communication","100%","1.5"
"https://www.ratemyprofessors.com/professor/1896992","1.5","4 ratings","Daisy Claudio","Languages","N/A","4.5"
"https://www.ratemyprofessors.com/professor/1897198","5.0","4 ratings","A. Greg Bowden","Education","100%","3.5"
"https://www.ratemyprofessors.com/professor/1897665","2.0","1 ratings","David De Boer","Fine Arts","N/A","2"
"https://www.ratemyprofessors.com/professor/1909764","4.8","2 ratings","Keith Hall","Psychology","100%","2.5"
"https://www.ratemyprofessors.com/professor/1916329","3.5","3 ratings","Robert Hayden","Communication","50%","1.7"
"https://www.ratemyprofessors.com/professor/1916989","2.3","3 ratings","Rebecca Murdock","English","0%","2.7"
"https://www.ratemyprofessors.com/professor/1920737","2.1","4 ratings","Jessica Leavenworth","English","N/A","4"
"https://www.ratemyprofessors.com/professor/1920759","1.0","1 ratings","Wendy Deras","Nursing","N/A","4"
"https://www.ratemyprofessors.com/professor/1925831","3.5","6 ratings","Joseph Putulowski","Business","0%","3.5"
"https://www.ratemyprofessors.com/professor/1930854","0.0","0 ratings","Kevin Nguyen","Religion","N/A","0"
"https://www.ratemyprofessors.com/professor/1935068","5.0","1 ratings","Larry Timm","Music","N/A","1"
"https://www.ratemyprofessors.com/professor/1943341","3.8","7 ratings","Xiuhua Si","Engineering","67%","2.7"
"https://www.ratemyprofessors.com/professor/1944775","1.0","1 ratings","Nery Lemus","Art History","N/A","4"
"https://www.ratemyprofessors.com/professor/1945617","4.5","3 ratings","Katherine  Papineau","Art History","N/A","2.3"
"https://www.ratemyprofessors.com/professor/1948696","5.0","2 ratings","Steve Betts","Music","N/A","1"
"https://www.ratemyprofessors.com/professor/1949301","4.3","6 ratings","Teresa Hamilton","Nursing","84%","4"
"https://www.ratemyprofessors.com/professor/1954451","1.5","1 ratings","Ryan Perez","Fine Arts","N/A","4"
"https://www.ratemyprofessors.com/professor/1965966","4.6","9 ratings","Levi Garrett","Physical Education","100%","3.1"
"https://www.ratemyprofessors.com/professor/1968382","1.4","7 ratings","Lisa Matthews","English","0%","4.4"
"https://www.ratemyprofessors.com/professor/1969267","0.0","0 ratings","Nicholas McGrue","Business","N/A","0"
"https://www.ratemyprofessors.com/professor/1976654","2.3","6 ratings","Maya Wren","English","50%","3.2"
"https://www.ratemyprofessors.com/professor/1976656","3.8","14 ratings","Kevin Cotton","Mathematics","80%","2.1"
"https://www.ratemyprofessors.com/professor/1977089","5.0","7 ratings","Ruth Flores","Languages","100%","1.6"
"https://www.ratemyprofessors.com/professor/1978818","0.0","0 ratings","Tara Stephen","Nursing","N/A","0"
"https://www.ratemyprofessors.com/professor/1986156","3.0","10 ratings","Daniel Eichelberger","English","80%","3.9"
"https://www.ratemyprofessors.com/professor/2006550","3.5","2 ratings","Thomas Fredrick","Psychology","100%","3.5"
"https://www.ratemyprofessors.com/professor/2006552","4.9","5 ratings","Kenneth Minesinger","Business","100%","2.6"
"https://www.ratemyprofessors.com/professor/2011024","5.0","2 ratings","Jonathan Nyquist","Design","100%","2.5"
"https://www.ratemyprofessors.com/professor/2015386","0.0","0 ratings","Kyle Mann","Business","N/A","0"
"https://www.ratemyprofessors.com/professor/2025798","4.3","3 ratings","Heather Ontiveros","Health Science","100%","3.3"
"https://www.ratemyprofessors.com/professor/2030871","3.5","11 ratings","Anastasia  Soohoo-Hui","English","60%","4.1"
"https://www.ratemyprofessors.com/professor/2031367","1.0","1 ratings","Suzanne Clark","Nursing","N/A","4"
"https://www.ratemyprofessors.com/professor/2032499","1.5","1 ratings","Charlie Ramos","Health Science","N/A","4"
"https://www.ratemyprofessors.com/professor/2035838","5.0","8 ratings","Michael Nalbandian","Chemistry","100%","2"
"https://www.ratemyprofessors.com/professor/2045040","4.0","2 ratings","Sean Kelley","Political Science","100%","3.5"
"https://www.ratemyprofessors.com/professor/2049295","3.1","7 ratings","Amanda Jenkins","Religion","0%","2.9"
"https://www.ratemyprofessors.com/professor/2049520","4.8","6 ratings","Samuel Park","Fine Arts","100%","2.7"
"https://www.ratemyprofessors.com/professor/2050158","4.9","3 ratings","Karen DeBerry","Education","100%","3.3"
"https://www.ratemyprofessors.com/professor/2050165","3.3","3 ratings","Karen Nelson","Accounting","N/A","2.7"
"https://www.ratemyprofessors.com/professor/2052637","4.0","1 ratings","Paul Jacques","Theater","N/A","2"
"https://www.ratemyprofessors.com/professor/2053121","4.3","8 ratings","Kathleen Kopitzke","Music","67%","2.9"
"https://www.ratemyprofessors.com/professor/2053152","0.0","0 ratings","Kathie  Chute","Communication","N/A","0"
"https://www.ratemyprofessors.com/professor/2054943","3.0","9 ratings","Erik  Salley","Physical Education","50%","4.3"
"https://www.ratemyprofessors.com/professor/2058264","4.0","1 ratings","David Bishop","Engineering","N/A","3"
"https://www.ratemyprofessors.com/professor/2061028","5.0","6 ratings","Paul Chabot","Political Science","100%","1.8"
"https://www.ratemyprofessors.com/professor/2062481","5.0","1 ratings","Stephanie Altig","Music","N/A","1"
"https://www.ratemyprofessors.com/professor/2067061","3.7","5 ratings","Tommie Denson","Mathematics","0%","3"
"https://www.ratemyprofessors.com/professor/2073600","0.0","0 ratings","Halle  Hall","Health Science","N/A","0"
"https://www.ratemyprofessors.com/professor/2075313","3.3","2 ratings","Heather Hamilton-Stilwell","Journalism","0%","3.5"
"https://www.ratemyprofessors.com/professor/2080690","5.0","1 ratings","Kaylee Hamann","Mathematics","N/A","1"
"https://www.ratemyprofessors.com/professor/2083602","2.8","10 ratings","Stephen Posegate","Music","43%","3.4"
"https://www.ratemyprofessors.com/professor/2087960","5.0","2 ratings","Caron Rand","Fine Arts","100%","2.5"
"https://www.ratemyprofessors.com/professor/2092674","3.9","6 ratings","Daniel Clark","Engineering","80%","3.7"
"https://www.ratemyprofessors.com/professor/2093576","2.9","7 ratings","Julian Mills-Beale","Engineering","20%","4"
"https://www.ratemyprofessors.com/professor/2094512","3.5","4 ratings","Hector Jimenez","Music","67%","3"
"https://www.ratemyprofessors.com/professor/2096778","4.3","4 ratings","Chelsea Sherwood","English","67%","1.7"
"https://www.ratemyprofessors.com/professor/2097011","4.5","1 ratings","Danielle Gross","Psychology","N/A","3"
"https://www.ratemyprofessors.com/professor/2098636","3.5","7 ratings","Dominick Sturz","Health Science","50%","2.9"
"https://www.ratemyprofessors.com/professor/2099485","0.0","0 ratings","Daniel Bonner","Music","N/A","0"
"https://www.ratemyprofessors.com/professor/2106563","3.3","2 ratings","Michael Sutherlin","English","0%","2.5"
"https://www.ratemyprofessors.com/professor/2111054","0.0","0 ratings","Adrienne Torry","Education","N/A","0"
"https://www.ratemyprofessors.com/professor/2112077","1.4","9 ratings","Jessica Miller","Health Science","0%","4.1"
"https://www.ratemyprofessors.com/professor/2113838","4.0","10 ratings","Bryan Ness","Health Science","75%","2.7"
"https://www.ratemyprofessors.com/professor/2115237","4.2","4 ratings","Berniece Alspach","English","75%","3.5"
"https://www.ratemyprofessors.com/professor/2116071","3.0","1 ratings","Chad Breedlove","Health Science","N/A","2"
"https://www.ratemyprofessors.com/professor/2119131","3.5","2 ratings","Nia Martin","Nursing","50%","3.5"
"https://www.ratemyprofessors.com/professor/2119222","4.4","4 ratings","Brandon Koepp","English","67%","1.5"
"https://www.ratemyprofessors.com/professor/2127428","1.3","2 ratings","Mark Roberson","Design","0%","2.5"
"https://www.ratemyprofessors.com/professor/2130211","4.2","3 ratings","Carlos Diaz","Chemistry","100%","2.7"
"https://www.ratemyprofessors.com/professor/2131166","5.0","2 ratings","Mikyung Han","Engineering","100%","4.5"
"https://www.ratemyprofessors.com/professor/2131794","0.0","0 ratings","Matthew Pagano","Business","N/A","0"
"https://www.ratemyprofessors.com/professor/2136959","3.7","3 ratings","Karin Johnson","Education","100%","3"
"https://www.ratemyprofessors.com/professor/2158400","5.0","1 ratings","Fay Kazzi","Health Science","100%","2"
"https://www.ratemyprofessors.com/professor/2158652","4.0","1 ratings","Stacy Nicola","Political Science","100%","2"
"https://www.ratemyprofessors.com/professor/2164475","5.0","1 ratings","Kelly Felton","Biology","100%","3"
"https://www.ratemyprofessors.com/professor/2169124","1.3","6 ratings","Byron Curry","Mathematics","0%","3.2"
"https://www.ratemyprofessors.com/professor/2169344","1.0","1 ratings","Naomi Tingle","Communication","0%","5"
"https://www.ratemyprofessors.com/professor/2171925","4.7","3 ratings","Kyle Stone","Health Science","100%","2.7"
"https://www.ratemyprofessors.com/professor/2172467","4.5","23 ratings","Jeremie Riggleman","Fine Arts","100%","2.4"
"https://www.ratemyprofessors.com/professor/2173676","3.0","1 ratings","James Buchholz","Physics","100%","3"
"https://www.ratemyprofessors.com/professor/2179807","5.0","1 ratings","Paul Farnham","Mathematics","100%","4"
"https://www.ratemyprofessors.com/professor/2180149","5.0","6 ratings","Michael Plew","Education","100%","3.7"
"https://www.ratemyprofessors.com/professor/2181196","4.7","6 ratings","Sherlyn Benois-Green","Health Science","84%","4.2"
"https://www.ratemyprofessors.com/professor/2182369","3.4","17 ratings","Linda Zhao","Criminal Justice","59%","4.2"
"https://www.ratemyprofessors.com/professor/2183220","4.7","3 ratings","Bochi McKinney","Health Science","100%","3.3"
"https://www.ratemyprofessors.com/professor/2184931","5.0","1 ratings","Josh McNair","Marketing","100%","4"
"https://www.ratemyprofessors.com/professor/2186642","2.5","2 ratings","Kendra Rose","Languages","0%","4"
"https://www.ratemyprofessors.com/professor/2188688","0.0","0 ratings","Elizabeth Proulx","English","N/A","0"
"https://www.ratemyprofessors.com/professor/2188826","1.0","1 ratings","Noel Coronel","Languages","0%","3"
"https://www.ratemyprofessors.com/professor/2198989","5.0","1 ratings","Caleb Garcia","English","100%","2"
"https://www.ratemyprofessors.com/professor/2246564","4.8","6 ratings","Linda Baidoo-Jackson","Mathematics","100%","2.5"
"https://www.ratemyprofessors.com/professor/2256869","5.0","2 ratings","Lily Szeto","Languages","100%","3"
"https://www.ratemyprofessors.com/professor/2268993","5.0","5 ratings","Brenda Flores","English","100%","1.6"
"https://www.ratemyprofessors.com/professor/2271662","4.5","2 ratings","Jackson Brown","Languages","100%","3"
"https://www.ratemyprofessors.com/professor/2271724","3.5","2 ratings","Marie Parvin","Mathematics","50%","4"
"https://www.ratemyprofessors.com/professor/2273258","0.0","0 ratings","Lauren Allen","Nursing","N/A","0"
"https://www.ratemyprofessors.com/professor/2273259","0.0","0 ratings","Phoebe Mathew","Nursing","N/A","0"
"https://www.ratemyprofessors.com/professor/2273260","5.0","1 ratings","Steiger Cynthia","Nursing","100%","3"
"https://www.ratemyprofessors.com/professor/2236477","5.0","1 ratings","Andrew Hochradel","Design","100%","3"
"https://www.ratemyprofessors.com/professor/2238035","2.1","15 ratings","Wendy Keyes-Kimbirk","Economics","34%","3.5"
"https://www.ratemyprofessors.com/professor/2243441","1.0","4 ratings","Sanggon Nam","Health Science","0%","3"
"https://www.ratemyprofessors.com/professor/2245534","5.0","2 ratings","Jennifer Costello","Psychology","100%","4"
"https://www.ratemyprofessors.com/professor/2273262","0.0","0 ratings","Audrey Lewis","Nursing","N/A","0"
"https://www.ratemyprofessors.com/professor/2273265","4.5","2 ratings","Silvia Bolanos","Nursing","100%","4"
"https://www.ratemyprofessors.com/professor/2273266","0.0","0 ratings","Machel Gilmore","Nursing","N/A","0"
"https://www.ratemyprofessors.com/professor/2273267","0.0","0 ratings","Linda Herrera","Nursing","N/A","0"
"https://www.ratemyprofessors.com/professor/2273806","2.5","2 ratings","Torria Davis","Education","50%","3"
"https://www.ratemyprofessors.com/professor/2276506","5.0","7 ratings","Creighton Goodman","Science","100%","3.6"
"https://www.ratemyprofessors.com/professor/2278849","2.0","1 ratings","Manya Wren","English","0%","5"
"https://www.ratemyprofessors.com/professor/2287259","3.0","2 ratings","Leslie Wickman","Engineering","50%","2"
"https://www.ratemyprofessors.com/professor/2287601","1.0","1 ratings","Charlie Holderman","Mathematics","0%","4"
"https://www.ratemyprofessors.com/professor/2291704","5.0","1 ratings","Russel Meek","Religion","100%","4"
"https://www.ratemyprofessors.com/professor/2292522","1.0","1 ratings","Sheraya Erickson","Mathematics","0%","5"
"https://www.ratemyprofessors.com/professor/2294785","3.7","4 ratings","Rod Foist","Engineering","50%","3.3"
"https://www.ratemyprofessors.com/professor/2273281","0.0","0 ratings","Amanda Madrid","Nursing","N/A","0"
"https://www.ratemyprofessors.com/professor/2273282","0.0","0 ratings","Jeri Whitfield","Nursing","N/A","0"
"https://www.ratemyprofessors.com/professor/2273284","0.0","0 ratings","Stacey Toro","Nursing","N/A","0"
"https://www.ratemyprofessors.com/professor/2273285","4.7","3 ratings","Gayne Anacker","Nursing","100%","3.7"
"https://www.ratemyprofessors.com/professor/2273287","0.0","0 ratings","Deborah Bobst","Nursing","N/A","0"
"https://www.ratemyprofessors.com/professor/2273288","0.0","0 ratings","Margaret Matthews","Nursing","100%","0"
"https://www.ratemyprofessors.com/professor/2299178","3.0","2 ratings","Wendy Keyes-Kimbirk","Business","50%","4"
"https://www.ratemyprofessors.com/professor/2299180","0.0","0 ratings","Jeffrey Barnes","Political Science","N/A","0"
"https://www.ratemyprofessors.com/professor/2330734","5.0","1 ratings","Brett Provance","Humanities","100%","2"
"https://www.ratemyprofessors.com/professor/2335189","4.5","2 ratings","Monica Jackson","English","100%","2.5"
"https://www.ratemyprofessors.com/professor/2335194","5.0","4 ratings","Robert Kirk","Science","100%","3"
"https://www.ratemyprofessors.com/professor/2337428","0.0","0 ratings","Karre Rose Palacios","Psychology","0%","0"
"https://www.ratemyprofessors.com/professor/2340754","4.7","3 ratings","Mitchell Spezzaferri","Psychology","100%","3"
"https://www.ratemyprofessors.com/professor/2344414","4.0","2 ratings","Kayla Baker","English","100%","3"
"https://www.ratemyprofessors.com/professor/2347506","4.0","1 ratings","Taylor Cyr","Philosophy","100%","2"
"https://www.ratemyprofessors.com/professor/2350648","0.0","0 ratings","Carla Cruise","Education","N/A","0"
"https://www.ratemyprofessors.com/professor/2317567","4.4","5 ratings","Caridad Wilson","Biology","100%","3"
"https://www.ratemyprofessors.com/professor/2318090","5.0","1 ratings","Steve Mondorf","Business","100%","3"
"https://www.ratemyprofessors.com/professor/2318191","0.0","0 ratings","Brent Whitefield","English","N/A","0"
"https://www.ratemyprofessors.com/professor/2319904","2.7","3 ratings","Amy Sadek","Health Science","67%","4"
"https://www.ratemyprofessors.com/professor/2325275","3.0","1 ratings","Matthew Barrett","Religion","100%","3"
"https://www.ratemyprofessors.com/professor/2325536","5.0","1 ratings","Brian Morris","English","100%","4"
"https://www.ratemyprofessors.com/professor/2329844","1.0","1 ratings","Jasmine Schmidt","Nursing","0%","5"
"https://www.ratemyprofessors.com/professor/2384128","5.0","2 ratings","Yeesok Kim","Engineering","100%","2"
"https://www.ratemyprofessors.com/professor/2387730","4.0","1 ratings","Clinton White","Health Science","100%","3"
"https://www.ratemyprofessors.com/professor/2389610","0.0","0 ratings","Tamara Cedreacute","Graphic Arts","N/A","0"
"https://www.ratemyprofessors.com/professor/2389939","0.0","0 ratings","Veronica Young","Languages","N/A","0"
"https://www.ratemyprofessors.com/professor/2397062","5.0","2 ratings","Jason Jones","Education","100%","3"
"https://www.ratemyprofessors.com/professor/2398874","1.0","1 ratings","Elisabeth Knopp","Psychology","0%","4"
"https://www.ratemyprofessors.com/professor/2399922","0.0","0 ratings","Timothy Degeneffe","Mathematics","N/A","0"
"https://www.ratemyprofessors.com/professor/2401405","0.0","0 ratings","Andrew Herrity","Business","100%","0"
"https://www.ratemyprofessors.com/professor/2402931","4.0","1 ratings","Lisa Weeks","English","100%","4"
"https://www.ratemyprofessors.com/professor/2404660","0.0","0 ratings","Aaron Greene","Architecture","N/A","0"
"https://www.ratemyprofessors.com/professor/2408728","0.0","0 ratings","Jane McGuire","Psychology","N/A","0"
"https://www.ratemyprofessors.com/professor/2409576","2.5","2 ratings","Esther Lee","Mathematics","34%","3"
"https://www.ratemyprofessors.com/professor/2414337","5.0","1 ratings","Michelle Kamau","Social Work","100%","4"
"https://www.ratemyprofessors.com/professor/2415790","3.0","1 ratings","John Shirey","Religion","0%","4"
"https://www.ratemyprofessors.com/professor/2416296","5.0","1 ratings","Steve Weaver","Religion","100%","3"
"https://www.ratemyprofessors.com/professor/2418488","1.8","4 ratings","Krystal Hays","Social Work","25%","2.5"
"https://www.ratemyprofessors.com/professor/2364046","5.0","2 ratings","Janet Dutton","English","100%","3"
"https://www.ratemyprofessors.com/professor/2364822","0.0","0 ratings","James Johnson","Music","N/A","0"
"https://www.ratemyprofessors.com/professor/2370234","4.5","2 ratings","Kim Sangmin","Health Science","100%","2.5"
"https://www.ratemyprofessors.com/professor/2374253","5.0","1 ratings","Nicole Solorio","Education","100%","4"
"https://www.ratemyprofessors.com/professor/2382058","4.0","2 ratings","Joshua Fuller","Psychology","50%","2.5"
"https://www.ratemyprofessors.com/professor/2385823","3.5","2 ratings","Brittany Ketterbrink","Chemistry","100%","3"
"https://www.ratemyprofessors.com/professor/2418861","3.4","5 ratings","Christopher Wright","Design","67%","2.8"
"https://www.ratemyprofessors.com/professor/2419766","4.3","3 ratings","Kevin Relyea","Business","100%","2.7"
"https://www.ratemyprofessors.com/professor/2459407","0.0","0 ratings","Charles Ruot","Health Science","N/A","0"
"https://www.ratemyprofessors.com/professor/2461053","0.0","0 ratings","Jong Wha Bai","Engineering","100%","0"
"https://www.ratemyprofessors.com/professor/2461186","5.0","1 ratings","Arlene Perkins","Engineering","100%","3"
"https://www.ratemyprofessors.com/professor/2462384","0.0","0 ratings","Felicia Ward","Psychology","N/A","0"
"https://www.ratemyprofessors.com/professor/2462463","1.0","1 ratings","Michael Kinnen","Business","0%","4"
"https://www.ratemyprofessors.com/professor/2465728","0.0","0 ratings","Anh-Khoa Nguyen","Philosophy","N/A","0"
"https://www.ratemyprofessors.com/professor/2467285","0.0","0 ratings","Pat Hohl","Engineering","N/A","0"
"https://www.ratemyprofessors.com/professor/2472830","1.7","3 ratings","Robert Hornak","Film","0%","4.7"
"https://www.ratemyprofessors.com/professor/2475425","4.7","6 ratings","Rod Swartz","Business","100%","3.7"
"https://www.ratemyprofessors.com/professor/2475517","4.0","2 ratings","Caleb Walder","Architecture","100%","4"
"https://www.ratemyprofessors.com/professor/2475921","0.0","0 ratings","Mark DeHaro","Health Science","N/A","0"
"https://www.ratemyprofessors.com/professor/2476204","5.0","4 ratings","Bassem Joseph","Biology","100%","1"
"https://www.ratemyprofessors.com/professor/2476310","5.0","2 ratings","Brian Bovee","Business","100%","3"
"https://www.ratemyprofessors.com/professor/2477066","0.0","0 ratings","Sarah Smith","Education","N/A","0"
"https://www.ratemyprofessors.com/professor/2478079","4.0","1 ratings","Alan Curl","History","50%","2"
"https://www.ratemyprofessors.com/professor/2478799","0.0","0 ratings","Sam Welbaum","Religion","N/A","0"
"https://www.ratemyprofessors.com/professor/2446998","0.0","0 ratings","Scott McClung","Social Science","N/A","0"
"https://www.ratemyprofessors.com/professor/2447311","5.0","3 ratings","Danielle Kaheaku","English","100%","2.3"
"https://www.ratemyprofessors.com/professor/2449566","1.5","2 ratings","Pamela Mukaire","Health Science","0%","4.5"
"https://www.ratemyprofessors.com/professor/2450494","2.0","2 ratings","Edmond Khatchadourian","Business","0%","4.5"
"https://www.ratemyprofessors.com/professor/2450495","5.0","1 ratings","Esther Noh","Mathematics","100%","2"
"https://www.ratemyprofessors.com/professor/2453487","4.6","8 ratings","Fernanda De La O","Communication","100%","2"
"https://www.ratemyprofessors.com/professor/2454913","5.0","5 ratings","Paige Prosser","Engineering","100%","2.2"
"https://www.ratemyprofessors.com/professor/2455673","4.0","1 ratings","Eileen Berrios","Health Science","100%","3"
"https://www.ratemyprofessors.com/professor/2456032","0.0","0 ratings","Kelley Koepp","Nursing","N/A","0"
"https://www.ratemyprofessors.com/professor/2514840","0.0","0 ratings","Amy hofschroer","Mathematics","N/A","0"
"https://www.ratemyprofessors.com/professor/2515035","0.0","0 ratings","Sarah Fisher","Psychology","N/A","0"
"https://www.ratemyprofessors.com/professor/2515142","5.0","1 ratings","Brennan Cackett","Communication","100%","3"
"https://www.ratemyprofessors.com/professor/2516211","0.0","0 ratings","Grace Brown","Education","N/A","0"
"https://www.ratemyprofessors.com/professor/2516604","0.0","0 ratings","Brandi Robinson","Mathematics","N/A","0"
"https://www.ratemyprofessors.com/professor/2521096","0.0","0 ratings","Kristine Lippire","Fine Arts","100%","0"
"https://www.ratemyprofessors.com/professor/2527175","5.0","6 ratings","Shane Ludwig","Mathematics","100%","2"
"https://www.ratemyprofessors.com/professor/2527999","0.0","0 ratings","Amy Stumph","Religion","N/A","0"
"https://www.ratemyprofessors.com/professor/2531518","1.0","2 ratings","Traci Marin","Biology","0%","5"
"https://www.ratemyprofessors.com/professor/2533425","0.0","0 ratings","Eva Helt","English","N/A","0"
"https://www.ratemyprofessors.com/professor/2534041","4.7","3 ratings","Kathryn Huff","English","100%","3"
"https://www.ratemyprofessors.com/professor/2539962","5.0","1 ratings","Elizabeth Rebozo-Diacuteaz","Music","100%","3"
"https://www.ratemyprofessors.com/professor/2552054","0.0","0 ratings","Linda Eubanks","Education","N/A","0"
"https://www.ratemyprofessors.com/professor/2559019","5.0","2 ratings","Marc Wall","Science","100%","2.5"
"https://www.ratemyprofessors.com/professor/2559031","3.0","1 ratings","Mike Nelson","Health Science","100%","4"
"https://www.ratemyprofessors.com/professor/2559039","1.5","2 ratings","Seung Youn Kim","Psychology","0%","1.5"
"https://www.ratemyprofessors.com/professor/2561508","0.0","0 ratings","Roland Juarez","Communication","N/A","0"
"https://www.ratemyprofessors.com/professor/2561901","4.0","1 ratings","Amanda White","English","100%","1"
"https://www.ratemyprofessors.com/professor/2562471","0.0","0 ratings","Ernest Valenzuela","Psychology","N/A","0"
"https://www.ratemyprofessors.com/professor/2565175","0.0","0 ratings","Rachel Terrill","Communication","N/A","0"
"https://www.ratemyprofessors.com/professor/2569408","4.0","1 ratings","Mandy Themm","Education","100%","3"
"https://www.ratemyprofessors.com/professor/2576986","2.0","1 ratings","Tera Falkenberg","Health Science","0%","2"
"https://www.ratemyprofessors.com/professor/2576987","3.0","1 ratings","Brett Hutter","Health Science","0%","3"
"https://www.ratemyprofessors.com/professor/2578633","0.0","0 ratings","Graves Deena","Communication","N/A","0"
"https://www.ratemyprofessors.com/professor/2514581","0.0","0 ratings","Crystal Hume","English","N/A","0"
"https://www.ratemyprofessors.com/professor/2574309","5.0","2 ratings","Kenneth George","Finance","100%","1.5"
"https://www.ratemyprofessors.com/professor/2584234","1.0","1 ratings","Stephanie Goudeau","Kinesiology","0%","4"
"https://www.ratemyprofessors.com/professor/2588398","0.0","0 ratings","Jason Guerrero","Kinesiology","N/A","0"
"https://www.ratemyprofessors.com/professor/2592712","3.0","1 ratings","Timothy Kacprowicz","Computer Science","100%","2"
"https://www.ratemyprofessors.com/professor/2594242","0.0","0 ratings","Anklam Mark R","Engineering","N/A","0"
"https://www.ratemyprofessors.com/professor/2594243","0.0","0 ratings","Monica Scarano","Engineering","100%","0"
"https://www.ratemyprofessors.com/professor/2594604","0.0","0 ratings","Brandon Smith","Religion","N/A","0"
"https://www.ratemyprofessors.com/professor/2601251","1.0","1 ratings","Mark Bell","Business","0%","1"
"https://www.ratemyprofessors.com/professor/2602450","0.0","0 ratings","Erika Soto","Psychology","N/A","0"
"https://www.ratemyprofessors.com/professor/2604573","0.0","0 ratings","Olivia Chan","Education","N/A","0"
"https://www.ratemyprofessors.com/professor/2605675","0.0","0 ratings","Christina Gonzalez","Business","100%","0"
"https://www.ratemyprofessors.com/professor/2606542","0.0","0 ratings","Matthew McConnell","Music","N/A","0"
"https://www.ratemyprofessors.com/professor/2606711","0.0","0 ratings","Jorge Mendieta","Business","N/A","0"
"https://www.ratemyprofessors.com/professor/2610531","5.0","1 ratings","Charles Ramos","Kinesiology","100%","3"
"https://www.ratemyprofessors.com/professor/2611501","5.0","1 ratings","Stacee Willis","Theater","100%","1"
"https://www.ratemyprofessors.com/professor/2616161","0.0","0 ratings","Owen stanley","English","N/A","0"
"https://www.ratemyprofessors.com/professor/2619482","5.0","2 ratings","Sarah Shahan","English","100%","2.5"
"https://www.ratemyprofessors.com/professor/2624002","5.0","1 ratings","Jessica Bucol","Languages","100%","2"
"https://www.ratemyprofessors.com/professor/2625647","0.0","0 ratings","Philip Breitenbucher","Psychology","100%","0"
"https://www.ratemyprofessors.com/professor/2633933","2.0","1 ratings","David Heinze","Design","50%","1"
"https://www.ratemyprofessors.com/professor/2637854","5.0","1 ratings","Michael McKee","Science","100%","3"
"https://www.ratemyprofessors.com/professor/2637856","1.7","3 ratings","Paul Foster","Science","0%","4"
"https://www.ratemyprofessors.com/professor/2637993","0.0","0 ratings","Candace Brewington","Business","N/A","0"
"https://www.ratemyprofessors.com/professor/2641020","0.0","0 ratings","Danny Wilson","Religion","N/A","0"
"https://www.ratemyprofessors.com/professor/2641591","5.0","1 ratings","Aram Choe","Communication","100%","4"
"https://www.ratemyprofessors.com/professor/1986960","3.1","16 ratings","Daniel Szeto","Biology","57%","3.8"
"https://www.ratemyprofessors.com/professor/2264228","4.6","5 ratings","Ben Skaug","Religion","100%","1.6"
"https://www.ratemyprofessors.com/professor/2237708","4.7","7 ratings","Martha Daggett","Psychology","86%","1.7"
"https://www.ratemyprofessors.com/professor/2519970","3.8","5 ratings","Carla Thornton","Social Work","80%","2.6"
"https://www.ratemyprofessors.com/professor/2616886","1.0","1 ratings","John Park","Psychology","0%","5"
"https://www.ratemyprofessors.com/professor/2280906","4.7","3 ratings","Nathan Iverson","Psychology","100%","2"
"https://www.ratemyprofessors.com/professor/2131567","5.0","1 ratings","Kristin Mauldin","Psychology","100%","3"
"https://www.ratemyprofessors.com/professor/2630312","3.3","3 ratings","Mercy Homer","Communication","67%","1.3"
"https://www.ratemyprofessors.com/professor/2641124","2.5","2 ratings","Kendra Flores-Carter","Social Work","0%","2.5"
"https://www.ratemyprofessors.com/professor/1022505","4.2","15 ratings","Kathryn Short","Education","40%","3.2"
"https://www.ratemyprofessors.com/professor/2532986","5.0","2 ratings","Akua Amankwaah","Health Science","100%","2"
"https://www.ratemyprofessors.com/professor/2089279","3.4","5 ratings","David Mooney","History","40%","4"
"https://www.ratemyprofessors.com/professor/2610529","5.0","1 ratings","Edward Garrett","Kinesiology","100%","3"
"https://www.ratemyprofessors.com/professor/2506481","5.0","5 ratings","Charles Prather","Science","100%","3.4"
"https://www.ratemyprofessors.com/professor/9496","3.1","12 ratings","Duncan Simcoe","Fine Arts","25%","3.9"
"https://www.ratemyprofessors.com/professor/2619745","4.0","4 ratings","Phil Van Haaster","Engineering","75%","3.5"
"https://www.ratemyprofessors.com/professor/2679815","1.0","1 ratings","Joy Hiatt","Accounting","0%","3"
"https://www.ratemyprofessors.com/professor/2045507","4.1","5 ratings","Richard Ardito","Professional Studies","100%","2.6"
"https://www.ratemyprofessors.com/professor/1539627","4.7","5 ratings","Angela Deulen","Psychology","100%","2"
"https://www.ratemyprofessors.com/professor/2680801","1.0","2 ratings","Susan Leveridge","Psychology","0%","4"
"https://www.ratemyprofessors.com/professor/1815431","2.0","9 ratings","Steve Johnson","Chemistry","0%","4.5"
"https://www.ratemyprofessors.com/professor/2682413","5.0","1 ratings","Mark Kling","Criminal Justice","100%","2"
"https://www.ratemyprofessors.com/professor/2683658","0.0","0 ratings","Victor Wang","Business","100%","0"
"https://www.ratemyprofessors.com/professor/2607314","4.8","4 ratings","Robert Brown","English","100%","2.5"
"https://www.ratemyprofessors.com/professor/2015768","3.2","7 ratings","Steven Dahlgren","Music","25%","1.6"
"https://www.ratemyprofessors.com/professor/1943102","1.7","18 ratings","Adamson Co","Education","17%","3.6"
"https://www.ratemyprofessors.com/professor/842993","3.0","25 ratings","David Isaacs","English","59%","3.5"
"https://www.ratemyprofessors.com/professor/2472877","5.0","4 ratings","Soojin Chung","International Studies","100%","2"
"https://www.ratemyprofessors.com/professor/2193987","4.4","14 ratings","Ellen Kaminski","Accounting","93%","2.7"
"https://www.ratemyprofessors.com/professor/2688234","5.0","1 ratings","Hilary Son","Psychology","100%","3"
"https://www.ratemyprofessors.com/professor/2002718","3.4","4 ratings","Emily  Bos","Art History","34%","3.8"
"https://www.ratemyprofessors.com/professor/8821","3.3","28 ratings","L. Alan Fossett","Science","40%","3.3"
"https://www.ratemyprofessors.com/professor/678698","3.9","14 ratings","Julianna Browning","Accounting","86%","3.6"
"https://www.ratemyprofessors.com/professor/1895559","4.0","28 ratings","Ash Melika","Anthropology","60%","3.8"
"https://www.ratemyprofessors.com/professor/1367956","5.0","7 ratings","Mark Cox","Psychology","100%","3"
"https://www.ratemyprofessors.com/professor/2523807","4.7","10 ratings","Diana Ha","English","100%","3.6"
"https://www.ratemyprofessors.com/professor/2623208","2.7","3 ratings","Priscilla Harps","Education","0%","5"
"https://www.ratemyprofessors.com/professor/2667804","0.0","0 ratings","David Robbins","English","100%","0"
"https://www.ratemyprofessors.com/professor/1431554","3.2","7 ratings","Deborah Carter","Nursing","0%","4"
"https://www.ratemyprofessors.com/professor/1255909","4.7","6 ratings","Ramy Makar","Religion","100%","4"
"https://www.ratemyprofessors.com/professor/2090383","5.0","4 ratings","Jeffrey Barnes","History","100%","2"
"https://www.ratemyprofessors.com/professor/2591755","5.0","1 ratings","Stephen Brown","Social Work","100%","2"
"https://www.ratemyprofessors.com/professor/577747","4.2","24 ratings","Troy Hinrichs","Criminal Justice","89%","2.8"
"https://www.ratemyprofessors.com/professor/2657379","4.5","2 ratings","Jonathan Moncada","Chemistry","100%","4.5"
"https://www.ratemyprofessors.com/professor/574174","3.2","18 ratings","Guy Holliday","Music","34%","2.5"
"https://www.ratemyprofessors.com/professor/1886490","3.6","6 ratings","Lucas Stamps","Religion","0%","4"
"https://www.ratemyprofessors.com/professor/941532","5.0","11 ratings","Kevin Johnston","English","100%","2.5"
"https://www.ratemyprofessors.com/professor/2674193","0.0","0 ratings","Borden Carnell","Business","100%","0"
"https://www.ratemyprofessors.com/professor/729615","4.2","34 ratings","Amy Stumpf","Religion","71%","2.5"
"https://www.ratemyprofessors.com/professor/1263731","3.2","17 ratings","Michael Berger","Design","77%","2.9"
"https://www.ratemyprofessors.com/professor/2631703","5.0","2 ratings","Aine Bergin","Psychology","100%","2.5"
"https://www.ratemyprofessors.com/professor/1110087","5.0","42 ratings","Riste Simnjanovski","Social Science","100%","3.1"
"https://www.ratemyprofessors.com/professor/1428667","3.4","57 ratings","Hyun-Woo Park","Biology","66%","4.3"
"https://www.ratemyprofessors.com/professor/2709364","0.0","0 ratings","Angel Baez Vega","Computer Science","N/A","0"
"https://www.ratemyprofessors.com/professor/2709099","1.0","1 ratings","Jessika Akua Sagoe-Shields","Health Science","0%","5"
"https://www.ratemyprofessors.com/professor/2062894","4.7","4 ratings","Raef Assaf","Business","100%","2.3"
"https://www.ratemyprofessors.com/professor/1859893","4.0","6 ratings","Debbie Coleman","Nursing","60%","4.3"
"https://www.ratemyprofessors.com/professor/2190868","4.8","6 ratings","jennifer proulx","English","100%","3.2"
"https://www.ratemyprofessors.com/professor/2299668","4.5","11 ratings","Erica Roth","Psychology","91%","2.5"
"https://www.ratemyprofessors.com/professor/1784176","4.3","32 ratings","Joe Slunaker","Religion","79%","2.4"
"https://www.ratemyprofessors.com/professor/2713753","0.0","0 ratings","Javier Munoz","Health Science","N/A","0"
"https://www.ratemyprofessors.com/professor/1827420","3.8","21 ratings","Yvonne Thai","Sociology","70%","3.4"
"https://www.ratemyprofessors.com/professor/1087950","4.1","28 ratings","Cynthia Boes","Communication","84%","3.3"
"https://www.ratemyprofessors.com/professor/2367775","3.3","7 ratings","Richard May","English","29%","2.7"
"https://www.ratemyprofessors.com/professor/2715359","5.0","1 ratings","Liya Grace Ni","Engineering","100%","4"
"https://www.ratemyprofessors.com/professor/2715475","1.0","1 ratings","Ian Clary","Philosophy","0%","5"
"https://www.ratemyprofessors.com/professor/2586405","4.5","14 ratings","Tony Ngabo","Mathematics","86%","3.1"
"https://www.ratemyprofessors.com/professor/2126133","3.6","35 ratings","Jenifer Nalbandian","Chemistry","75%","4.1"
"https://www.ratemyprofessors.com/professor/2508680","3.5","8 ratings","Cindy Sendor","Health Science","50%","3"
"https://www.ratemyprofessors.com/professor/671689","4.0","22 ratings","Richard Mobley","Religion","56%","3.1"
"https://www.ratemyprofessors.com/professor/2690761","4.0","1 ratings","David Issac","English","100%","3"
"https://www.ratemyprofessors.com/professor/1416341","4.1","24 ratings","Anthony Corso","Computer Science","87%","2.4"
"https://www.ratemyprofessors.com/professor/2411121","4.0","2 ratings","Monica O'Rourke","Health Science","34%","3"
"https://www.ratemyprofessors.com/professor/1557838","3.7","15 ratings","Chris McHorney","History","100%","2.4"
"https://www.ratemyprofessors.com/professor/2452577","4.0","5 ratings","William Boyer","Kinesiology","84%","3.4"
"https://www.ratemyprofessors.com/professor/2089248","4.9","19 ratings","Tawnee Ortiz","English","100%","2.5"
"https://www.ratemyprofessors.com/professor/2075337","4.3","4 ratings","Margaret Appenzeller","Science","75%","1.8"
"https://www.ratemyprofessors.com/professor/2694084","5.0","1 ratings","Cammy Purper","Education","100%","1"
"https://www.ratemyprofessors.com/professor/2391164","5.0","5 ratings","Karen Stark","Education","100%","2.2"
"https://www.ratemyprofessors.com/professor/2391166","5.0","6 ratings","Christopher Farmer-Salazar","Education","100%","2.2"
"https://www.ratemyprofessors.com/professor/1949302","4.3","3 ratings","Julian Perdue","Nursing","100%","3"
"https://www.ratemyprofessors.com/professor/690346","4.1","62 ratings","Eric C. Brook","Humanities","95%","1.9"
"https://www.ratemyprofessors.com/professor/677329","4.1","25 ratings","Thomas E. Ferko","Chemistry","100%","3"
"https://www.ratemyprofessors.com/professor/2139761","4.7","17 ratings","Megan Elledge","English","100%","2.5"
"https://www.ratemyprofessors.com/professor/2730263","0.0","0 ratings","Jerri Middleton","Social Work","N/A","0"
"https://www.ratemyprofessors.com/professor/2731594","0.0","0 ratings","Loren Hoffmann","Psychology","N/A","0"
"https://www.ratemyprofessors.com/professor/1952141","4.8","4 ratings","Michael Eaton","Film","100%","2"
"https://www.ratemyprofessors.com/professor/1492374","3.8","15 ratings","Mark Blincoe","History","60%","2.8"
"https://www.ratemyprofessors.com/professor/1122815","4.5","8 ratings","Amy Miller","Health Science","100%","2.7"
"https://www.ratemyprofessors.com/professor/2548495","4.8","5 ratings","Jee Young Noh","Education","100%","2.2"
"https://www.ratemyprofessors.com/professor/2235606","4.3","25 ratings","Morgan Rither","English","96%","2.7"
"https://www.ratemyprofessors.com/professor/2300886","2.3","4 ratings","Amanie Abdelmessih","Engineering","25%","3.5"
"https://www.ratemyprofessors.com/professor/2344349","4.7","3 ratings","Effat Zeidan","Biology","100%","2"
"https://www.ratemyprofessors.com/professor/9548","3.9","24 ratings","Nathan Lewis","Psychology","84%","3.2"
"https://www.ratemyprofessors.com/professor/2007011","4.9","9 ratings","Laura Freeman","Psychology","100%","2.4"
"https://www.ratemyprofessors.com/professor/932217","4.3","40 ratings","Carol A. Minton","Sociology","97%","1.7"
"https://www.ratemyprofessors.com/professor/2574058","5.0","2 ratings","Noemi Hernandez","History","100%","1"
"https://www.ratemyprofessors.com/professor/1857026","2.0","20 ratings","Gretchen Bartels","English","31%","4.6"
"https://www.ratemyprofessors.com/professor/2668828","4.7","6 ratings","Rennie Cowan","Film","84%","3.3"
"https://www.ratemyprofessors.com/professor/2705432","5.0","1 ratings","George Vigil","Marketing","100%","3"
"https://www.ratemyprofessors.com/professor/2576821","1.5","4 ratings","Edmund Khashadourian","Business","20%","4.8"
"https://www.ratemyprofessors.com/professor/2414338","5.0","20 ratings","Antonio Mejico","Social Work","100%","3"
"https://www.ratemyprofessors.com/professor/2352525","4.0","4 ratings","Christopher Kern","Photography","100%","2.2"
"https://www.ratemyprofessors.com/professor/2273279","5.0","2 ratings","Anthony Phillips","Nursing","100%","3.5"
"https://www.ratemyprofessors.com/professor/2706025","0.0","0 ratings","Grasiela Campbell","Nursing","N/A","0"
"https://www.ratemyprofessors.com/professor/2682236","2.0","2 ratings","Tracey Haggerty-Lester","Sociology","50%","3"
"https://www.ratemyprofessors.com/professor/2006565","3.5","7 ratings","John Gill","Philosophy","67%","3.3"
"https://www.ratemyprofessors.com/professor/2154903","4.6","8 ratings","Thomas Schneider","English","100%","3.1"
"https://www.ratemyprofessors.com/professor/2360181","3.0","2 ratings","Keelan Kaiser","Architecture","89%","4.5"
"https://www.ratemyprofessors.com/professor/2352725","4.7","7 ratings","Amanda Fierro","English","100%","3.1"
"https://www.ratemyprofessors.com/professor/2265990","4.6","8 ratings","Timothy McCaffrey","Mathematics","100%","1.9"
"https://www.ratemyprofessors.com/professor/2746017","4.0","1 ratings","Joel Mitchell","Political Science","100%","3"
"https://www.ratemyprofessors.com/professor/2746041","5.0","1 ratings","Austin Cook","Psychology","100%","2"
"https://www.ratemyprofessors.com/professor/1193179","3.3","21 ratings","Don Murray","Communication","34%","3.2"
"https://www.ratemyprofessors.com/professor/1771663","4.5","39 ratings","Douglas Wallace","Sociology","97%","3.4"
"https://www.ratemyprofessors.com/professor/1137066","4.7","8 ratings","Anne-Marie Larsen","Psychology","100%","2.6"
"https://www.ratemyprofessors.com/professor/2650695","5.0","4 ratings","Mackenna Cummings","English","100%","2"
"https://www.ratemyprofessors.com/professor/2625244","4.6","5 ratings","Andrew Cress","Religion","100%","3"
"https://www.ratemyprofessors.com/professor/2048487","2.3","28 ratings","Michael Kolta","Engineering","34%","3.8"
"https://www.ratemyprofessors.com/professor/2131163","4.9","20 ratings","Kyungsoo Im","Engineering","100%","4.1"
"https://www.ratemyprofessors.com/professor/2579471","5.0","5 ratings","Mark Kim","Computer Science","100%","2.4"
"https://www.ratemyprofessors.com/professor/2575822","5.0","2 ratings","Benjamine Sanders","Engineering","100%","2"
"https://www.ratemyprofessors.com/professor/2754088","5.0","1 ratings","Dan Grissom","Computer Science","100%","5"
"https://www.ratemyprofessors.com/professor/574172","3.7","76 ratings","D. Jeffrey Mooney","Religion","67%","3.8"
"https://www.ratemyprofessors.com/professor/1840030","3.6","15 ratings","Robyn Glessner","History","50%","3.2"
"https://www.ratemyprofessors.com/professor/2522033","5.0","5 ratings","Mandy Ortiz","Marketing","100%","3.2"
"https://www.ratemyprofessors.com/professor/1976622","5.0","5 ratings","MaryAnn Pearson","Communication","100%","2.2"
"https://www.ratemyprofessors.com/professor/2398132","3.3","4 ratings","Ted Grant","Physics","50%","3.5"
"https://www.ratemyprofessors.com/professor/2712934","5.0","1 ratings","Shannon Cary","Languages","100%","3"
"https://www.ratemyprofessors.com/professor/2719251","0.0","0 ratings","Edward Dunbar","Business","N/A","0"
"https://www.ratemyprofessors.com/professor/2415040","4.0","7 ratings","Susan Purrington","Psychology","67%","2.9"
"https://www.ratemyprofessors.com/professor/1677428","3.8","8 ratings","Dayna Herrera","Nursing","50%","2.8"
"https://www.ratemyprofessors.com/professor/2721661","0.0","0 ratings","DeShaunda Hampton","Education","N/A","0"
"https://www.ratemyprofessors.com/professor/35680","2.9","43 ratings","Virgo Handojo","Psychology","87%","2.9"
"https://www.ratemyprofessors.com/professor/2351630","4.5","6 ratings","Namhee Kim","Science","86%","3.2"
"https://www.ratemyprofessors.com/professor/2435256","4.0","4 ratings","Rachelle Torres","English","75%","2.5"
"https://www.ratemyprofessors.com/professor/2342489","4.5","4 ratings","Victoria Brodie","Journalism","75%","3"
"https://www.ratemyprofessors.com/professor/2754907","5.0","2 ratings","Sydney Leisz","Kinesiology","100%","3"
"https://www.ratemyprofessors.com/professor/2521563","1.0","2 ratings","Pamela Kimbrough","Chemistry","0%","5"
"https://www.ratemyprofessors.com/professor/1964423","2.6","14 ratings","James Yoo","Economics","12%","3.4"
"https://www.ratemyprofessors.com/professor/2419142","4.1","7 ratings","Nicole Shin","Biology","86%","3.1"
"https://www.ratemyprofessors.com/professor/1226643","2.0","2 ratings","Anabel Flores","Biology","84%","5"
"https://www.ratemyprofessors.com/professor/2728492","0.0","0 ratings","Christina Secrets","Psychology","100%","0"
"https://www.ratemyprofessors.com/professor/2640041","1.0","1 ratings","stephen brown","Sociology","0%","1"
"https://www.ratemyprofessors.com/professor/1941352","2.4","5 ratings","Robert LaChausse","History","50%","3.8"
"https://www.ratemyprofessors.com/professor/2758308","0.0","0 ratings","Isaac Escalera","English","100%","0"
"https://www.ratemyprofessors.com/professor/2758419","1.0","1 ratings","David Tetrault","Psychology","0%","5"
"https://www.ratemyprofessors.com/professor/2291371","3.6","5 ratings","Brittany Ketenbrink","Chemistry","86%","2.8"
"https://www.ratemyprofessors.com/professor/2322819","3.8","16 ratings","Lindsay Fahnestock","Health Science","63%","2.3"
"https://www.ratemyprofessors.com/professor/2568882","4.8","4 ratings","Timothy Phillips","Computer Science","100%","1.5"
"https://www.ratemyprofessors.com/professor/2006337","4.0","29 ratings","Gabriel  Estrada","Religion","71%","2.8"
"https://www.ratemyprofessors.com/professor/2754868","4.8","4 ratings","Nicole Feider","Chemistry","100%","2.8"
"https://www.ratemyprofessors.com/professor/2757136","2.5","2 ratings","Jong Lee","Psychology","34%","4"
"https://www.ratemyprofessors.com/professor/734990","4.6","27 ratings","Michael Marse","Communication","100%","1.9"
"https://www.ratemyprofessors.com/professor/2685339","5.0","5 ratings","Paul Stumpf","Communication","100%","2"
"https://www.ratemyprofessors.com/professor/1995806","3.6","16 ratings","Michael Sill","Mathematics","69%","3.9"
"https://www.ratemyprofessors.com/professor/2736506","0.0","0 ratings","Virginia Cadenhead","Nursing","0%","0"
"https://www.ratemyprofessors.com/professor/2705234","0.0","0 ratings","Douglas Wallace","Psychology","100%","0"
"https://www.ratemyprofessors.com/professor/1381549","2.5","22 ratings","Anthony Donaldson","Engineering","54%","1.9"
"https://www.ratemyprofessors.com/professor/2129416","4.6","14 ratings","Craig Poston","English","100%","2.1"
"https://www.ratemyprofessors.com/professor/1070461","4.4","108 ratings","Bonjun Koo","Biology","90%","3.4"
"https://www.ratemyprofessors.com/professor/2642908","4.2","7 ratings","Sheila Roach-Jones","Mathematics","100%","2.9"
"https://www.ratemyprofessors.com/professor/2667260","5.0","2 ratings","Rose Pike","Education","100%","2"
"https://www.ratemyprofessors.com/professor/2563791","4.0","2 ratings","Dapeng Zhou","Chemistry","67%","4.5"
"https://www.ratemyprofessors.com/professor/2340701","5.0","2 ratings","Jan Edmisten","Health Science","100%","2.5"
"https://www.ratemyprofessors.com/professor/1626577","2.5","23 ratings","Hannah (Ying) Hu","Chemistry","80%","3.8"
"https://www.ratemyprofessors.com/professor/2766376","0.0","0 ratings","Gene Peterson","Music","N/A","0"
"https://www.ratemyprofessors.com/professor/2766378","0.0","0 ratings","Stefan Miller","Music","N/A","0"
"https://www.ratemyprofessors.com/professor/2766380","0.0","0 ratings","David Toledo","Music","N/A","0"
"https://www.ratemyprofessors.com/professor/2766381","0.0","0 ratings","Traivon Williams","Music","N/A","0"
"https://www.ratemyprofessors.com/professor/2735760","5.0","2 ratings","Rida Mall","English","100%","2.5"
"https://www.ratemyprofessors.com/professor/2354015","4.8","9 ratings","Pamela Bainum","Computer Science","100%","2.3"
"https://www.ratemyprofessors.com/professor/1638903","4.6","29 ratings","John Higley","Criminal Justice","100%","2.4"
"https://www.ratemyprofessors.com/professor/1657513","4.4","27 ratings","Linn Carothers","Mathematics","96%","1.8"
"https://www.ratemyprofessors.com/professor/1020290","4.0","23 ratings","Deron Walker","English","67%","2.9"
"https://www.ratemyprofessors.com/professor/747763","3.9","85 ratings","Dennis K. Bideshi","Biology","61%","4.3"
"https://www.ratemyprofessors.com/professor/1844909","4.6","45 ratings","Robert Willett","Mathematics","98%","2.8"
"https://www.ratemyprofessors.com/professor/2240599","2.5","7 ratings","Seung Kim","Engineering","58%","4.1"
"https://www.ratemyprofessors.com/professor/2273275","5.0","2 ratings","Terri Thompson","Nursing","100%","4"
"https://www.ratemyprofessors.com/professor/2768654","3.0","1 ratings","Tiffany Eggleston","Communication","50%","3"
"https://www.ratemyprofessors.com/professor/2768656","0.0","0 ratings","Dominick Dicus","English","100%","0"
"https://www.ratemyprofessors.com/professor/1626580","4.9","28 ratings","Ricardo Cordero","Mathematics","100%","2.2"
"https://www.ratemyprofessors.com/professor/2769310","1.0","1 ratings","Robyn Brown","Religion","50%","4"
"https://www.ratemyprofessors.com/professor/2769890","5.0","1 ratings","Thomas Thomazin","Psychology","100%","1"
"https://www.ratemyprofessors.com/professor/2237359","4.5","6 ratings","Carla Liu","English","100%","3.2"
"https://www.ratemyprofessors.com/professor/1257259","4.7","22 ratings","Marc Weniger","Business","100%","3.1"
"https://www.ratemyprofessors.com/professor/2608539","4.6","8 ratings","Sophia Mun","Psychology","100%","2.6"
"https://www.ratemyprofessors.com/professor/2523368","4.9","14 ratings","Damon Horton","Religion","100%","1.8"
"https://www.ratemyprofessors.com/professor/5462","4.8","19 ratings","Dan Wilson","Theology","91%","1.7"
"https://www.ratemyprofessors.com/professor/2538079","4.6","20 ratings","Stacy Haynes","Chemistry","92%","2.3"
"https://www.ratemyprofessors.com/professor/1947111","4.4","33 ratings","Patrick Schacht","Chemistry","89%","3.1"
"https://www.ratemyprofessors.com/professor/491244","4.0","42 ratings","Anthony Chute","Religion","74%","3"
"https://www.ratemyprofessors.com/professor/2334547","4.9","21 ratings","Adam Drent","English","100%","2.2"
"https://www.ratemyprofessors.com/professor/1840173","3.8","24 ratings","Natalie Winter","Business","100%","2.8"
"https://www.ratemyprofessors.com/professor/2811838","0.0","0 ratings","Joel Bigley","Business","100%","0"
"https://www.ratemyprofessors.com/professor/2721084","1.0","3 ratings","Christa Sydow","Social Science","0%","4.3"
"https://www.ratemyprofessors.com/professor/2136417","4.7","3 ratings","Jonathan Parker","Education","100%","4"
"https://www.ratemyprofessors.com/professor/2287257","4.7","13 ratings","Seunghyun Chun","Engineering","93%","3.7"
"https://www.ratemyprofessors.com/professor/2816528","0.0","0 ratings","Kenneth Capps","Chemistry","N/A","0"
"https://www.ratemyprofessors.com/professor/2818575","0.0","0 ratings","Huajun Zhou","Chemistry","100%","0"
"https://www.ratemyprofessors.com/professor/2819289","0.0","0 ratings","William Whitlatch","Business","N/A","0"
"https://www.ratemyprofessors.com/professor/415455","3.3","20 ratings","Jim Buchholz","Science","63%","3.9"
"https://www.ratemyprofessors.com/professor/2736503","5.0","1 ratings","Christina Gonet","Religion","100%","3"
"https://www.ratemyprofessors.com/professor/2822307","0.0","0 ratings","Joel Mead","Political Science","N/A","0"
"https://www.ratemyprofessors.com/professor/2175728","3.5","19 ratings","Jones Tsai","Chemistry","65%","3.5"
"https://www.ratemyprofessors.com/professor/2825780","0.0","0 ratings","Autumn King","Psychology","100%","0"
"https://www.ratemyprofessors.com/professor/2363898","4.5","17 ratings","Christy McConnell-Freeman","Computer Science","84%","3.1"
"https://www.ratemyprofessors.com/professor/894740","4.9","50 ratings","Keanon Alderson","Marketing","100%","2.2"
"https://www.ratemyprofessors.com/professor/2776104","2.0","1 ratings","Christy Mc Connell-Freeman","Business","80%","4"
"https://www.ratemyprofessors.com/professor/11474","4.5","72 ratings","Toni Kirk","English","95%","2.3"
"https://www.ratemyprofessors.com/professor/868016","4.0","24 ratings","Owen Staley","English","82%","2.2"
"https://www.ratemyprofessors.com/professor/1771179","2.7","11 ratings","Kyle Stewart","Physics","40%","4.5"
"https://www.ratemyprofessors.com/professor/2361413","3.0","4 ratings","Keith Castillo","Education","50%","3.8"
"https://www.ratemyprofessors.com/professor/1723513","4.0","23 ratings","Jim Bishop","Political Science","80%","2.9"
"https://www.ratemyprofessors.com/professor/2519089","5.0","17 ratings","Matthew Leonard","Philosophy","100%","2.6"
"https://www.ratemyprofessors.com/professor/46728","4.8","32 ratings","Elizabeth A. Morris","Mathematics","93%","2.4"
"https://www.ratemyprofessors.com/professor/736125","3.6","50 ratings","Kenya Davis-Hayes","History","65%","3.1"
"https://www.ratemyprofessors.com/professor/2777115","5.0","1 ratings","Preston Rapp","Criminal Justice","100%","3"
"https://www.ratemyprofessors.com/professor/2777323","0.0","0 ratings","Robert Quezada","Journalism","100%","0"
"https://www.ratemyprofessors.com/professor/2848771","5.0","1 ratings","Steve Morris","Education","100%","1"
"https://www.ratemyprofessors.com/professor/1232536","4.8","14 ratings","Brett Biermann","Design","100%","2.8"
"https://www.ratemyprofessors.com/professor/29","4.0","42 ratings","Scott B. Key","Philosophy","63%","3.8"
"https://www.ratemyprofessors.com/professor/2228394","3.5","4 ratings","Tad Hove","Business","50%","3"
"https://www.ratemyprofessors.com/professor/2798834","5.0","1 ratings","Krista Leal-Dohm","Mathematics","100%","2"
"https://www.ratemyprofessors.com/professor/1948366","4.6","59 ratings","Satoru Suzuki","Chemistry","96%","2.8"
"https://www.ratemyprofessors.com/professor/2613697","3.0","3 ratings","Kenneth Lau","Chemistry","67%","2"
"https://www.ratemyprofessors.com/professor/2348101","2.1","7 ratings","Larry Clement","Engineering","100%","3.9"
"https://www.ratemyprofessors.com/professor/575381","2.6","45 ratings","Jennifer Newton","English","43%","3.6"
"https://www.ratemyprofessors.com/professor/2849897","0.0","0 ratings","Charity  Latchman","English","N/A","0"
"https://www.ratemyprofessors.com/professor/2853653","0.0","0 ratings","Jayden Ramirez","Science","N/A","0"
"https://www.ratemyprofessors.com/professor/2853762","0.0","0 ratings","Steve  Kong","Education","N/A","0"
"https://www.ratemyprofessors.com/professor/2854917","0.0","0 ratings","Jusin Swanson","Health Science","N/A","0"
"https://www.ratemyprofessors.com/professor/2855763","2.0","1 ratings","Keisha Robinson","Health Science","N/A","3"
"https://www.ratemyprofessors.com/professor/2855951","0.0","0 ratings","Dawnyelle  DeLongchamp","Psychology","N/A","0"
"https://www.ratemyprofessors.com/professor/2855962","5.0","1 ratings","Pedro Olvera","Psychology","100%","2"
"https://www.ratemyprofessors.com/professor/2855965","5.0","1 ratings","Jason McPhail","Psychology","100%","4"
"https://www.ratemyprofessors.com/professor/2860845","5.0","1 ratings","Ivette Haboud","Mathematics","100%","3"
"https://www.ratemyprofessors.com/professor/2862134","5.0","1 ratings","Catherine Leach","Social Science","100%","1"
"https://www.ratemyprofessors.com/professor/2864224","4.0","1 ratings","Mary Vanhoozer","Music","100%","3"
"https://www.ratemyprofessors.com/professor/2864342","1.0","1 ratings","John Thompson","Health Science","N/A","1"
"https://www.ratemyprofessors.com/professor/2864485","0.0","0 ratings","Rida Leonard","English","N/A","0"
"https://www.ratemyprofessors.com/professor/2866789","5.0","5 ratings","Cheryl Mead","Nursing","100%","3.1"
"https://www.ratemyprofessors.com/professor/2867204","0.0","0 ratings","Andrew Banks","English","N/A","0"
"https://www.ratemyprofessors.com/professor/2532923","2.0","1 ratings","Kim Peters","Engineering","0%","3"
"https://www.ratemyprofessors.com/professor/2845893","3.5","2 ratings","Roston Willis","Marketing","100%","3"
"https://www.ratemyprofessors.com/professor/2845921","1.0","1 ratings","Shaley Fabris","English","100%","5"
"https://www.ratemyprofessors.com/professor/2845997","0.0","0 ratings","Brian Tung","Religion","N/A","0"
"https://www.ratemyprofessors.com/professor/2411207","5.0","14 ratings","Chase Porter","Political Science","100%","2.5"
"https://www.ratemyprofessors.com/professor/1938302","4.5","18 ratings","Keith Walters","Education","75%","3.8"
"https://www.ratemyprofessors.com/professor/2515312","5.0","33 ratings","Andres Vera","Religion","94%","4.2"
"https://www.ratemyprofessors.com/professor/2885521","0.0","0 ratings","Summer Oswley","English","N/A","0"
"https://www.ratemyprofessors.com/professor/2564917","1.8","9 ratings","Paul Wendee","Economics","43%","3"
"https://www.ratemyprofessors.com/professor/2892096","4.0","1 ratings","Brad Curry","Mathematics","100%","3"
"https://www.ratemyprofessors.com/professor/2893690","3.0","1 ratings","Anthony  Hao","Religion","N/A","2"
"https://www.ratemyprofessors.com/professor/2586711","5.0","2 ratings","Jocelyn Navarro","Education","100%","2"
"https://www.ratemyprofessors.com/professor/2001258","4.6","27 ratings","Rachel Meenan","English","96%","1.9"
"https://www.ratemyprofessors.com/professor/2824383","4.5","2 ratings","Daniel Elton","Criminal Justice","100%","1"
"https://www.ratemyprofessors.com/professor/713301","3.5","40 ratings","Erika Travis","English","53%","3.4"
"https://www.ratemyprofessors.com/professor/2872692","0.0","0 ratings","Nicholas Colon","Film","N/A","0"
"https://www.ratemyprofessors.com/professor/261925","3.8","40 ratings","Ken Pearce","Psychology","77%","1.9"
"https://www.ratemyprofessors.com/professor/2597415","3.4","7 ratings","Kenneth Pearce","Psychology","67%","2"
"https://www.ratemyprofessors.com/professor/1790469","3.5","76 ratings","Nathanael Heyman","Biology","74%","3.7"
"https://www.ratemyprofessors.com/professor/2821251","3.0","6 ratings","Seelva Grair","English","100%","3.8"
"https://www.ratemyprofessors.com/professor/2079625","3.5","17 ratings","Tae Sung","English","62%","4.1"
"https://www.ratemyprofessors.com/professor/2386003","2.6","11 ratings","Ogbochi McKinney","Health Science","40%","3.6"
"https://www.ratemyprofessors.com/professor/2237055","3.3","4 ratings","Nicholas Nardi","Psychology","67%","2.5"
"https://www.ratemyprofessors.com/professor/2754323","4.5","4 ratings","Insung Whang","Mathematics","75%","2.8"
"https://www.ratemyprofessors.com/professor/2443787","5.0","9 ratings","Nolan Gouveia","Business","100%","2.2"
"https://www.ratemyprofessors.com/professor/2327617","2.3","27 ratings","Gaynell Vanderslice","Business","34%","4"
"https://www.ratemyprofessors.com/professor/1716106","4.8","16 ratings","Noe Ruvalcaba","Languages","100%","2.4"
"https://www.ratemyprofessors.com/professor/2600239","5.0","2 ratings","Linda Ordonez","Languages","100%","2.5"
"https://www.ratemyprofessors.com/professor/1799647","3.2","11 ratings","Khamla Dhouti","Languages","34%","3.6"
"https://www.ratemyprofessors.com/professor/2580165","3.7","3 ratings","Jason Wells","Languages","67%","4"
"https://www.ratemyprofessors.com/professor/2516307","4.1","17 ratings","Brittany Yanagihara","English","82%","2.8"
"https://www.ratemyprofessors.com/professor/2419755","3.5","10 ratings","Keith Quan","Philosophy","60%","3.4"
"https://www.ratemyprofessors.com/professor/1892076","3.6","17 ratings","Julie Goodman","Anthropology","60%","3.3"
"https://www.ratemyprofessors.com/professor/2273264","1.0","3 ratings","Andrea Abrams","Nursing","100%","5"
"https://www.ratemyprofessors.com/professor/2481780","4.8","24 ratings","Trevor Mannion","Political Science","96%","2.2"
"https://www.ratemyprofessors.com/professor/914","4.4","15 ratings","James Lu","English","88%","2.5"
"https://www.ratemyprofessors.com/professor/2760366","4.9","15 ratings","Natalie Reed","Health Science","100%","3.1"
"https://www.ratemyprofessors.com/professor/2446104","3.0","6 ratings","April Devlin","Business","100%","3.2"
"https://www.ratemyprofessors.com/professor/2273283","1.0","3 ratings","Rebecca Meyer","Nursing","N/A","4.3"
"https://www.ratemyprofessors.com/professor/2551745","5.0","3 ratings","Melissa Anozie","Nursing","100%","2.7"
"https://www.ratemyprofessors.com/professor/2011195","4.1","16 ratings","Robert Lachausse","Health Science","86%","3.3"
"https://www.ratemyprofessors.com/professor/2315399","3.8","18 ratings","James Cate","Religion","77%","3.1"
"https://www.ratemyprofessors.com/professor/894721","3.6","58 ratings","Bob Namvar","Economics","66%","3.2"
"https://www.ratemyprofessors.com/professor/2153350","4.8","4 ratings","Charles Lee-Johnson","Psychology","100%","3.3"
"https://www.ratemyprofessors.com/professor/2789044","2.0","1 ratings","Brenda Harris","English","N/A","5"
"https://www.ratemyprofessors.com/professor/1897667","4.5","8 ratings","Nancy Ward","Fine Arts","84%","2.3"
"https://www.ratemyprofessors.com/professor/724490","3.3","38 ratings","Laura Veltman","English","34%","3.7"
"https://www.ratemyprofessors.com/professor/2902143","5.0","1 ratings","Tyler Rooze","Nursing","100%","3"
"https://www.ratemyprofessors.com/professor/2746973","4.7","13 ratings","Alondra Cano","Mathematics","91%","2.3"
"https://www.ratemyprofessors.com/professor/2498097","3.6","14 ratings","Park Hyun-woo","Biology","74%","4.4"
"https://www.ratemyprofessors.com/professor/1912853","3.2","37 ratings","Stephan Kish","Mathematics","63%","3"
"https://www.ratemyprofessors.com/professor/2214215","4.0","4 ratings","Jim Bishop","Criminal Justice","75%","3.3"
"https://www.ratemyprofessors.com/professor/2745856","2.8","5 ratings","Justine Presley","Criminal Justice","50%","3"
"https://www.ratemyprofessors.com/professor/2937799","0.0","0 ratings","Stephen  Bautista","Design","N/A","0"
"https://www.ratemyprofessors.com/professor/2937750","0.0","0 ratings","Sara  Bielek","Psychology","N/A","0"
"https://www.ratemyprofessors.com/professor/2937831","0.0","0 ratings","Jasmine Reed","Psychology","N/A","0"